idInventario,fecha,codfrente,frenteNombre,reportadoPor,codcap,codsubcap,codact,proveedor,equipo,unidad,cantidad,fechaPosibleIngreso,diasPorUtilizar,fechaPosibleDevolucion,observaciones,creado,valorUnitario,categoriaEquipo,Columna1,Columna2,Columna3
mtbx6axmtjuoej,2026-08-27,1.0,3 - CHECK IN NACIONAL - INTERNACIONAL,Elvis Dubeney Valencia Martinez,1.01,01.01.01,01.01.01.01,ALDECCO,"Allanadora 36"" (Gasolina)",DIA,1.0,2026-08-17,,2026-08-22,,2026-08-27T19:32:27.226Z,,Concreto y Acabados,,,
mtbx6axmtjuoej,2026-08-27,1.0,3 - CHECK IN NACIONAL - INTERNACIONAL,Elvis Dubeney Valencia Martinez,1.01,01.01.01,01.01.01.01,ALDECCO,Concretadora 0.5 sacos electrica,DIA,1.0,2026-08-18,,2026-08-22,,2026-08-27T19:32:27.226Z,,Concreto y Acabados,,,
mth8j68iy7ro7q,2026-08-31,1.0,3 - CHECK IN NACIONAL - INTERNACIONAL,LLair Alberto Zapata Correa,1.01,,,ALDECCO,"Allanadora 36"" (Gasolina)",DIA,1.0,2026-08-10,10.0,2026-08-24,,2026-08-31T12:49:14.323Z,62600.0,Concreto y Acabados,,,
mtj0v5utkwnksv,2026-08-31,11.0,9 - ALTERNATIVA EMIGRACION,Jhon Ocampo,,,,ALDECCO,Concretadora 0.5 sacos electrica,DIA,1.0,2026-09-04,,2026-09-30,VARIOS FRENTES,2026-09-01T18:50:09.125Z,,Concreto y Acabados,,,
mtj1psm4o7srsr,2026-09-01,11.0,9 - ALTERNATIVA EMIGRACION,Jhon Ocampo,,,,EQUIPOS INMEDIATOS,Vertical 2000mm ce,DIA,4.0,2026-06-09,,,VARIAS ACTIVIDADES,2026-09-01T19:13:58.300Z,500.0,Andamiaje y Alturas,,,
mtj1psm4o7srsr,2026-09-01,11.0,9 - ALTERNATIVA EMIGRACION,Jhon Ocampo,,,,EQUIPOS INMEDIATOS,"Rueda para Andamio 8""",DIA,8.0,2026-06-09,,,VARIAS ACTIVIDADES,2026-09-01T19:13:58.300Z,2600.0,Andamiaje y Alturas,,,
mtj1psm4o7srsr,2026-09-01,11.0,9 - ALTERNATIVA EMIGRACION,Jhon Ocampo,,,,EQUIPOS INMEDIATOS,Vertical 200mm collar,DIA,1.0,2026-06-09,,,VARIAS ACTIVIDADES,2026-09-01T19:13:58.300Z,109.0,Andamiaje y Alturas,,,
mtj1psm4o7srsr,2026-09-01,11.0,9 - ALTERNATIVA EMIGRACION,Jhon Ocampo,,,,EQUIPOS INMEDIATOS,Diagonal 1500x2000mm,DIA,4.0,2026-06-09,,,VARIAS ACTIVIDADES,2026-09-01T19:13:58.300Z,431.0,Andamiaje y Alturas,,,
mtj1psm4o7srsr,2026-09-01,11.0,9 - ALTERNATIVA EMIGRACION,Jhon Ocampo,,,,EQUIPOS INMEDIATOS,Diagonal 2250x2000mm,DIA,1.0,2026-06-09,,,VARIAS ACTIVIDADES,2026-09-01T19:13:58.300Z,493.0,Andamiaje y Alturas,,,
mtj1psm4o7srsr,2026-09-01,11.0,9 - ALTERNATIVA EMIGRACION,Jhon Ocampo,,,,EQUIPOS INMEDIATOS,Horizontal 750mm,DIA,14.0,2026-07-10,,,VARIAS ACTIVIDADES,2026-09-01T19:13:58.300Z,181.0,Andamiaje y Alturas,,,
mtj1psm4o7srsr,2026-09-01,11.0,9 - ALTERNATIVA EMIGRACION,Jhon Ocampo,,,,EQUIPOS INMEDIATOS,Horizontal 1500mm,DIA,4.0,2026-06-09,,,VARIAS ACTIVIDADES,2026-09-01T19:13:58.300Z,300.0,Andamiaje y Alturas,,,
mtj1psm4o7srsr,2026-09-01,11.0,9 - ALTERNATIVA EMIGRACION,Jhon Ocampo,,,,EQUIPOS INMEDIATOS,Plataforma de seguridad 1500x230mm,DIA,1.0,2026-07-10,,,VARIAS ACTIVIDADES,2026-09-01T19:13:58.300Z,900.0,Andamiaje y Alturas,,,
mtj1psm4o7srsr,2026-09-01,11.0,9 - ALTERNATIVA EMIGRACION,Jhon Ocampo,,,,EQUIPOS INMEDIATOS,Horizontal 3000mm,DIA,5.0,2026-06-09,,,VARIAS ACTIVIDADES,2026-09-01T19:13:58.300Z,550.0,Andamiaje y Alturas,,,
mtj1psm4o7srsr,2026-09-01,11.0,9 - ALTERNATIVA EMIGRACION,Jhon Ocampo,,,,EQUIPOS INMEDIATOS,Horizontal 2250mm,DIA,4.0,2026-06-10,,,VARIAS ACTIVIDADES,2026-09-01T19:13:58.300Z,450.0,Andamiaje y Alturas,,,
mtj1psm4o7srsr,2026-09-01,11.0,9 - ALTERNATIVA EMIGRACION,Jhon Ocampo,,,,EQUIPOS INMEDIATOS,Diagonal 3000x2000mm,DIA,1.0,2026-06-09,,,VARIAS ACTIVIDADES,2026-09-01T19:13:58.300Z,558.0,Andamiaje y Alturas,,,
mtj1psm4o7srsr,2026-09-01,11.0,9 - ALTERNATIVA EMIGRACION,Jhon Ocampo,,,,EQUIPOS INMEDIATOS,Plataforma de seguridad 3000x320mm,DIA,2.0,2026-06-09,,,VARIAS ACTIVIDADES,2026-09-01T19:13:58.300Z,1800.0,Andamiaje y Alturas,,,
mtj44aexqp91cn,2026-08-31,2.0,3A - ALTERNATIVA SISTEMA DE EQUIPAJE SALIENDO BHS SUR Y NORTE,Jarrison Hurtado,,,,EQUIPOS INMEDIATOS,Vertical 2000mm se,DIA,8.0,2026-06-09,,,VARIAS ACTIVIDADES,2026-09-01T20:21:13.785Z,486.0,Andamiaje y Alturas,,,
mtj44aexqp91cn,2026-08-31,2.0,3A - ALTERNATIVA SISTEMA DE EQUIPAJE SALIENDO BHS SUR Y NORTE,Jarrison Hurtado,,,,EQUIPOS INMEDIATOS,Horizontal 1500mm,DIA,12.0,2026-06-09,,,ACTIVIDADES VARIAS,2026-09-01T20:21:13.785Z,300.0,Andamiaje y Alturas,,,
mtj44aexqp91cn,2026-08-31,2.0,3A - ALTERNATIVA SISTEMA DE EQUIPAJE SALIENDO BHS SUR Y NORTE,Jarrison Hurtado,,,,EQUIPOS INMEDIATOS,Diagonal 2250x2000mm,DIA,2.0,2026-06-10,,,VARIAS ACTIVIDADES,2026-09-01T20:21:13.785Z,493.0,Andamiaje y Alturas,,,
mtj44aexqp91cn,2026-08-31,2.0,3A - ALTERNATIVA SISTEMA DE EQUIPAJE SALIENDO BHS SUR Y NORTE,Jarrison Hurtado,,,,EQUIPOS INMEDIATOS,Horizontal 3000mm,DIA,6.0,2026-06-09,,,VARIAS ACTIVIDADES,2026-09-01T20:21:13.785Z,550.0,Andamiaje y Alturas,,,
mtj44aexqp91cn,2026-08-31,2.0,3A - ALTERNATIVA SISTEMA DE EQUIPAJE SALIENDO BHS SUR Y NORTE,Jarrison Hurtado,,,,EQUIPOS INMEDIATOS,Diagonal 3000x2000mm,DIA,2.0,2026-06-09,,,VARIAS ACTIVIDADES,2026-09-01T20:21:13.785Z,558.0,Andamiaje y Alturas,,,
mtj44aexqp91cn,2026-08-31,2.0,3A - ALTERNATIVA SISTEMA DE EQUIPAJE SALIENDO BHS SUR Y NORTE,Jarrison Hurtado,,,,EQUIPOS INMEDIATOS,Plataforma de seguridad 3000x320mm,DIA,1.0,2026-06-09,,,VARIAS ACTIVIDADES,2026-09-01T20:21:13.785Z,1800.0,Andamiaje y Alturas,,,
mtj44aexqp91cn,2026-08-31,2.0,3A - ALTERNATIVA SISTEMA DE EQUIPAJE SALIENDO BHS SUR Y NORTE,Jarrison Hurtado,,,,EQUIPOS INMEDIATOS,Plataforma de seguridad 1500x320mm,DIA,1.0,2026-06-09,,,VARIAS ACTIVIDADES,2026-09-01T20:21:13.785Z,1061.0,Andamiaje y Alturas,,,
mtk900ktrrgq5n,2026-08-31,7.0,5B - ADECUACION SALA DE ESPERA ACTUAL,John Jairo Puerta Uribe,,,,EQUIPOS INMEDIATOS,Vertical 1000mm ce,DIA,4.0,2026-06-10,,,VARIAS ACTIVIDADES,2026-09-02T15:25:38.669Z,298.0,Andamiaje y Alturas,,,
mtk900ktrrgq5n,2026-08-31,7.0,5B - ADECUACION SALA DE ESPERA ACTUAL,John Jairo Puerta Uribe,,,,EQUIPOS INMEDIATOS,Diagonal 2250x2000mm,DIA,8.0,2026-08-05,,,VARIAS ACTIVIDADES,2026-09-02T15:25:38.669Z,493.0,Andamiaje y Alturas,,,
mtk900ktrrgq5n,2026-08-31,7.0,5B - ADECUACION SALA DE ESPERA ACTUAL,John Jairo Puerta Uribe,,,,EQUIPOS INMEDIATOS,Horizontal 1500mm,DIA,20.0,2026-06-09,,,VARIAS ACTIVIDADES,2026-09-02T15:25:38.669Z,300.0,Andamiaje y Alturas,,,
mtk900ktrrgq5n,2026-08-31,7.0,5B - ADECUACION SALA DE ESPERA ACTUAL,John Jairo Puerta Uribe,,,,EQUIPOS INMEDIATOS,"Rueda para Andamio 8""",DIA,8.0,2026-06-09,,,VARIAS ACTIVIDADES,2026-09-02T15:25:38.669Z,2600.0,Andamiaje y Alturas,,,
mtk900ktrrgq5n,2026-08-31,7.0,5B - ADECUACION SALA DE ESPERA ACTUAL,John Jairo Puerta Uribe,,,,EQUIPOS INMEDIATOS,Vertical 200mm collar,DIA,8.0,2026-06-10,,,VARIAS ACTIVIDADES,2026-09-02T15:25:38.669Z,109.0,Andamiaje y Alturas,,,
mtk900ktrrgq5n,2026-08-31,7.0,5B - ADECUACION SALA DE ESPERA ACTUAL,John Jairo Puerta Uribe,,,,EQUIPOS INMEDIATOS,Vertical 2000mm ce,DIA,8.0,2026-06-10,,,VARIAS ACTIVIDADES,2026-09-02T15:25:38.669Z,500.0,Andamiaje y Alturas,,,
mtk900ktrrgq5n,2026-08-31,7.0,5B - ADECUACION SALA DE ESPERA ACTUAL,John Jairo Puerta Uribe,,,,EQUIPOS INMEDIATOS,Diagonal 3000x2000mm,DIA,6.0,2026-06-20,,,VARIAS ACTIVIDADES,2026-09-02T15:25:38.669Z,558.0,Andamiaje y Alturas,,,
mtk900ktrrgq5n,2026-08-31,7.0,5B - ADECUACION SALA DE ESPERA ACTUAL,John Jairo Puerta Uribe,,,,EQUIPOS INMEDIATOS,Horizontal 3000mm,DIA,17.0,2026-06-09,,,VARIAS ACTIVIDADES,2026-09-02T15:25:38.669Z,550.0,Andamiaje y Alturas,,,
mtk900ktrrgq5n,2026-08-31,7.0,5B - ADECUACION SALA DE ESPERA ACTUAL,John Jairo Puerta Uribe,,,,EQUIPOS INMEDIATOS,Plataforma de seguridad 3000x320mm,DIA,7.0,2026-07-17,,,VARIAS ACTIVIDADES,2026-09-02T15:25:38.669Z,1800.0,Andamiaje y Alturas,,,
mtk900ktrrgq5n,2026-08-31,7.0,5B - ADECUACION SALA DE ESPERA ACTUAL,John Jairo Puerta Uribe,,,,EQUIPOS INMEDIATOS,Vertical 1500mm ce,DIA,4.0,2026-07-07,,,VARIAS ACTIVIDADES,2026-09-02T15:25:38.669Z,458.0,Andamiaje y Alturas,,,
mtk9y9elpk6hpd,2026-08-31,7.0,5B - ADECUACION SALA DE ESPERA ACTUAL,Jhon Ocampo,,,,EQUIPOS INMEDIATOS,Plataforma de seguridad 1500x320mm,DIA,2.0,2026-06-10,,,VARIAS ACTIVIDADES,2026-09-02T15:52:16.413Z,1061.0,Andamiaje y Alturas,,,
mtk9y9elpk6hpd,2026-08-31,7.0,5B - ADECUACION SALA DE ESPERA ACTUAL,Jhon Ocampo,,,,EQUIPOS INMEDIATOS,"Rueda para Andamio 8""",DIA,4.0,2026-06-10,,,VARIAS ACTIVIDADES,2026-09-02T15:52:16.413Z,2600.0,Andamiaje y Alturas,,,
mtk9y9elpk6hpd,2026-08-31,7.0,5B - ADECUACION SALA DE ESPERA ACTUAL,Jhon Ocampo,,,,EQUIPOS INMEDIATOS,Vertical 200mm collar,DIA,4.0,2026-06-10,,,VARIAS ACTIVIDADES,2026-09-02T15:52:16.413Z,109.0,Andamiaje y Alturas,,,
mtk9y9elpk6hpd,2026-08-31,7.0,5B - ADECUACION SALA DE ESPERA ACTUAL,Jhon Ocampo,,,,EQUIPOS INMEDIATOS,Horizontal 750mm,DIA,5.0,2026-07-07,,,VARIAS ACTIVIDADES,2026-09-02T15:52:16.413Z,181.0,Andamiaje y Alturas,,,
mtk9y9elpk6hpd,2026-08-31,7.0,5B - ADECUACION SALA DE ESPERA ACTUAL,Jhon Ocampo,,,,EQUIPOS INMEDIATOS,Diagonal 2250x2000mm,DIA,4.0,2026-08-05,,,VARIAS ACTIVIDADES,2026-09-02T15:52:16.413Z,493.0,Andamiaje y Alturas,,,
mtk9y9elpk6hpd,2026-08-31,7.0,5B - ADECUACION SALA DE ESPERA ACTUAL,Jhon Ocampo,,,,EQUIPOS INMEDIATOS,Horizontal 1500mm,DIA,5.0,2026-06-09,,,VARIAS ACTIVIDADES,2026-09-02T15:52:16.413Z,300.0,Andamiaje y Alturas,,,
mtkaauatv6idc2,2026-08-31,4.0,4 - FILTRO SEGURIDAD NACIONAL,Elvis Dubeney Valencia Martinez,,,,EQUIPOS INMEDIATOS,Vertical 1000mm ce,DIA,4.0,2026-06-10,,,VARIAS ACTIVIDADES,2026-09-02T16:02:03.365Z,298.0,Andamiaje y Alturas,,,
mtkaauatv6idc2,2026-08-31,4.0,4 - FILTRO SEGURIDAD NACIONAL,Elvis Dubeney Valencia Martinez,,,,EQUIPOS INMEDIATOS,Vertical 200mm collar,DIA,4.0,2026-06-09,,,VARIAS ACTIVIDADES,2026-09-02T16:02:03.365Z,109.0,Andamiaje y Alturas,,,
mtkaauatv6idc2,2026-08-31,4.0,4 - FILTRO SEGURIDAD NACIONAL,Elvis Dubeney Valencia Martinez,,,,EQUIPOS INMEDIATOS,"Rueda para Andamio 8""",DIA,4.0,2026-06-09,,,VARIAS ACTIVIDADES,2026-09-02T16:02:03.365Z,2600.0,Andamiaje y Alturas,,,
mtkaauatv6idc2,2026-08-31,4.0,4 - FILTRO SEGURIDAD NACIONAL,Elvis Dubeney Valencia Martinez,,,,EQUIPOS INMEDIATOS,Horizontal 1500mm,DIA,16.0,2026-06-10,,,VARIAS ACTIVIDADES,2026-09-02T16:02:03.365Z,300.0,Andamiaje y Alturas,,,
mtkaauatv6idc2,2026-08-31,4.0,4 - FILTRO SEGURIDAD NACIONAL,Elvis Dubeney Valencia Martinez,,,,EQUIPOS INMEDIATOS,Plataforma de seguridad 1500x320mm,DIA,3.0,2026-06-10,,,VARIAS ACTIVIDADES,2026-09-02T16:02:03.365Z,1061.0,Andamiaje y Alturas,,,
mtkaauatv6idc2,2026-08-31,4.0,4 - FILTRO SEGURIDAD NACIONAL,Elvis Dubeney Valencia Martinez,,,,EQUIPOS INMEDIATOS,Diagonal 2250x2000mm,DIA,4.0,2026-08-05,,,VARIAS ACTIVIDADES,2026-09-02T16:02:03.365Z,493.0,Andamiaje y Alturas,,,
mtkaauatv6idc2,2026-08-31,4.0,4 - FILTRO SEGURIDAD NACIONAL,Elvis Dubeney Valencia Martinez,,,,EQUIPOS INMEDIATOS,Vertical 2000mm ce,DIA,4.0,2026-06-10,,,VARIAS ACTIVIDADES,2026-09-02T16:02:03.365Z,500.0,Andamiaje y Alturas,,,
mtkbaylowvf9o5,2026-08-31,7.0,5B - ADECUACION SALA DE ESPERA ACTUAL,Jhon Ocampo,,,,EQUIPOS INMEDIATOS,"Rueda para Andamio 8""",DIA,6.0,2026-06-10,,,VARIAS ACTIVIDADES,2026-09-02T16:30:08.556Z,2600.0,Andamiaje y Alturas,,,
mtkbaylowvf9o5,2026-08-31,7.0,5B - ADECUACION SALA DE ESPERA ACTUAL,Jhon Ocampo,,,,EQUIPOS INMEDIATOS,Vertical 200mm collar,DIA,6.0,2026-06-10,,,BAÑOS EQUIPAGE 2,2026-09-02T16:30:08.556Z,109.0,Andamiaje y Alturas,,,
mtkbaylowvf9o5,2026-08-31,7.0,5B - ADECUACION SALA DE ESPERA ACTUAL,Jhon Ocampo,,,,EQUIPOS INMEDIATOS,Vertical 1500mm ce,DIA,8.0,2026-07-07,,,BAÑOS EQUIPAGE 2,2026-09-02T16:30:08.556Z,458.0,Andamiaje y Alturas,,,
mtkbaylowvf9o5,2026-08-31,7.0,5B - ADECUACION SALA DE ESPERA ACTUAL,Jhon Ocampo,,,,EQUIPOS INMEDIATOS,Vertical 1000mm se,DIA,4.0,2026-06-10,,,BAÑOS EQUIPAGE 2,2026-09-02T16:30:08.556Z,260.0,Andamiaje y Alturas,,,
mtkbaylowvf9o5,2026-08-31,7.0,5B - ADECUACION SALA DE ESPERA ACTUAL,Jhon Ocampo,,,,EQUIPOS INMEDIATOS,Horizontal 1500mm,DIA,30.0,2026-06-10,,,BAÑOS EQUIPAGE 2,2026-09-02T16:30:08.556Z,300.0,Andamiaje y Alturas,,,
mtkbaylowvf9o5,2026-08-31,7.0,5B - ADECUACION SALA DE ESPERA ACTUAL,Jhon Ocampo,,,,EQUIPOS INMEDIATOS,Diagonal 2250x2000mm,DIA,7.0,2026-08-05,,,BAÑOS EQUIPAGE 2,2026-09-02T16:30:08.556Z,493.0,Andamiaje y Alturas,,,
mtkbaylowvf9o5,2026-08-31,7.0,5B - ADECUACION SALA DE ESPERA ACTUAL,Jhon Ocampo,,,,EQUIPOS INMEDIATOS,Plataforma de seguridad 1500x320mm,DIA,4.0,2026-06-10,,,,2026-09-02T16:30:08.556Z,1061.0,Andamiaje y Alturas,,,
mtkbqac42wc0ej,2026-08-31,4.0,4 - FILTRO SEGURIDAD NACIONAL,Elvis Dubeney Valencia Martinez,,,,EQUIPOS INMEDIATOS,Horizontal 1500mm,DIA,1.0,2026-06-09,,,VARIAS ACTIVIDADES,2026-09-02T16:42:03.604Z,300.0,Andamiaje y Alturas,,,
mtkbqac42wc0ej,2026-08-31,4.0,4 - FILTRO SEGURIDAD NACIONAL,Elvis Dubeney Valencia Martinez,,,,EQUIPOS INMEDIATOS,Escalera de peldano en aluminio 3000x2000x63.80mm,DIA,1.0,2026-06-09,,,VARIAS ACTIVIDADES,2026-09-02T16:42:03.604Z,6000.0,Andamiaje y Alturas,,,
mtkccw7gdhgx6k,2026-08-31,9.0,7 - ALTERNATIVA NUEVO CENTRO DE CONEXIONES (FASE 1),Jarrison Hurtado,,,,EQUIPOS INMEDIATOS,"Rueda para Andamio 8""",DIA,4.0,2026-08-05,,,EQUIPO EN PLATAFORA DE AIRE A CARGO DE CONCREACERO,2026-09-02T16:59:38.380Z,2600.0,Andamiaje y Alturas,,,
mtkccw7gdhgx6k,2026-08-31,9.0,7 - ALTERNATIVA NUEVO CENTRO DE CONEXIONES (FASE 1),Jarrison Hurtado,,,,EQUIPOS INMEDIATOS,Vertical 200mm collar,DIA,4.0,2026-08-05,,,EQUIPO EN PLATAFORA DE AIRE A CARGO DE CONCREACERO,2026-09-02T16:59:38.380Z,109.0,Andamiaje y Alturas,,,
mtkccw7gdhgx6k,2026-08-31,9.0,7 - ALTERNATIVA NUEVO CENTRO DE CONEXIONES (FASE 1),Jarrison Hurtado,,,,EQUIPOS INMEDIATOS,Vertical 2000mm ce,DIA,16.0,2026-08-05,,,EQUIPO EN PLATAFORA DE AIRE A CARGO DE CONCREACERO,2026-09-02T16:59:38.380Z,500.0,Andamiaje y Alturas,,,
mtkccw7gdhgx6k,2026-08-31,9.0,7 - ALTERNATIVA NUEVO CENTRO DE CONEXIONES (FASE 1),Jarrison Hurtado,,,,EQUIPOS INMEDIATOS,Horizontal 2250mm,DIA,15.0,2026-08-05,,,EQUIPO EN PLATAFORA DE AIRE A CARGO DE CONCREACERO,2026-09-02T16:59:38.380Z,450.0,Andamiaje y Alturas,,,
mtkccw7gdhgx6k,2026-08-31,9.0,7 - ALTERNATIVA NUEVO CENTRO DE CONEXIONES (FASE 1),Jarrison Hurtado,,,,EQUIPOS INMEDIATOS,Horizontal 3000mm,DIA,18.0,2026-08-05,,,EQUIPO EN PLATAFORA DE AIRE A CARGO DE CONCREACERO,2026-09-02T16:59:38.380Z,550.0,Andamiaje y Alturas,,,
mtkccw7gdhgx6k,2026-08-31,9.0,7 - ALTERNATIVA NUEVO CENTRO DE CONEXIONES (FASE 1),Jarrison Hurtado,,,,EQUIPOS INMEDIATOS,Diagonal 3000x2000mm,DIA,10.0,2026-08-05,,,EQUIPO EN PLATAFORA DE AIRE A CARGO DE CONCREACERO,2026-09-02T16:59:38.380Z,558.0,Andamiaje y Alturas,,,
mtkccw7gdhgx6k,2026-08-31,9.0,7 - ALTERNATIVA NUEVO CENTRO DE CONEXIONES (FASE 1),Jarrison Hurtado,,,,EQUIPOS INMEDIATOS,Plataforma de seguridad 3000x320mm,DIA,8.0,2026-08-05,,,EQUIPO EN PLATAFORA DE AIRE A CARGO DE CONCREACERO,2026-09-02T16:59:38.380Z,1800.0,Andamiaje y Alturas,,,
mtkccw7gdhgx6k,2026-08-31,9.0,7 - ALTERNATIVA NUEVO CENTRO DE CONEXIONES (FASE 1),Jarrison Hurtado,,,,EQUIPOS INMEDIATOS,Diagonal 2250x2000mm,DIA,1.0,2026-08-05,,,EQUIPO EN PLATAFORA DE AIRE A CARGO DE CONCREACERO,2026-09-02T16:59:38.380Z,493.0,Andamiaje y Alturas,,,
mtkccw7gdhgx6k,2026-08-31,9.0,7 - ALTERNATIVA NUEVO CENTRO DE CONEXIONES (FASE 1),Jarrison Hurtado,,,,EQUIPOS INMEDIATOS,Vertical 1000mm se,DIA,1.0,2026-07-21,,,EQUIPO EN PLATAFORA DE AIRE A CARGO DE CONCREACERO,2026-09-02T16:59:38.380Z,260.0,Andamiaje y Alturas,,,
mtkcsiz8t7jd2q,2026-08-31,9.0,7 - ALTERNATIVA NUEVO CENTRO DE CONEXIONES (FASE 1),Jarrison Hurtado,,,,EQUIPOS INMEDIATOS,"Rueda para Andamio 8""",DIA,1.0,2026-07-10,,,,2026-09-02T17:11:47.732Z,2600.0,Andamiaje y Alturas,,,
mtkcsiz8t7jd2q,2026-08-31,9.0,7 - ALTERNATIVA NUEVO CENTRO DE CONEXIONES (FASE 1),Jarrison Hurtado,,,,EQUIPOS INMEDIATOS,Vertical 200mm collar,DIA,4.0,2026-06-10,,,,2026-09-02T17:11:47.732Z,109.0,Andamiaje y Alturas,,,
mtkcsiz8t7jd2q,2026-08-31,9.0,7 - ALTERNATIVA NUEVO CENTRO DE CONEXIONES (FASE 1),Jarrison Hurtado,,,,EQUIPOS INMEDIATOS,Escalera de peldano en aluminio 3000x2000x63.80mm,DIA,1.0,2026-06-11,,,,2026-09-02T17:11:47.732Z,6000.0,Andamiaje y Alturas,,,
mtkcsiz8t7jd2q,2026-08-31,9.0,7 - ALTERNATIVA NUEVO CENTRO DE CONEXIONES (FASE 1),Jarrison Hurtado,,,,EQUIPOS INMEDIATOS,Horizontal 1500mm,DIA,9.0,2026-06-10,,,,2026-09-02T17:11:47.732Z,300.0,Andamiaje y Alturas,,,
mtkcsiz8t7jd2q,2026-08-31,9.0,7 - ALTERNATIVA NUEVO CENTRO DE CONEXIONES (FASE 1),Jarrison Hurtado,,,,EQUIPOS INMEDIATOS,Horizontal 2250mm,DIA,8.0,2026-06-10,,,,2026-09-02T17:11:47.732Z,450.0,Andamiaje y Alturas,,,
mtkcsiz8t7jd2q,2026-08-31,9.0,7 - ALTERNATIVA NUEVO CENTRO DE CONEXIONES (FASE 1),Jarrison Hurtado,,,,EQUIPOS INMEDIATOS,Vertical 2000mm ce,DIA,4.0,2026-06-10,,,,2026-09-02T17:11:47.732Z,500.0,Andamiaje y Alturas,,,
mtkcsiz8t7jd2q,2026-08-31,9.0,7 - ALTERNATIVA NUEVO CENTRO DE CONEXIONES (FASE 1),Jarrison Hurtado,,,,EQUIPOS INMEDIATOS,Vertical 1000mm ce,DIA,4.0,2026-06-10,,,,2026-09-02T17:11:47.732Z,298.0,Andamiaje y Alturas,,,
mtkcsiz8t7jd2q,2026-08-31,9.0,7 - ALTERNATIVA NUEVO CENTRO DE CONEXIONES (FASE 1),Jarrison Hurtado,,,,EQUIPOS INMEDIATOS,Plataforma de seguridad 2250x320mm,DIA,4.0,2026-06-10,,,,2026-09-02T17:11:47.732Z,1400.0,Andamiaje y Alturas,,,
mtkcsiz8t7jd2q,2026-08-31,9.0,7 - ALTERNATIVA NUEVO CENTRO DE CONEXIONES (FASE 1),Jarrison Hurtado,,,,EQUIPOS INMEDIATOS,Diagonal 2250x2000mm,DIA,4.0,2026-08-05,,,,2026-09-02T17:11:47.732Z,493.0,Andamiaje y Alturas,,,
mtkcsiz8t7jd2q,2026-08-31,9.0,7 - ALTERNATIVA NUEVO CENTRO DE CONEXIONES (FASE 1),Jarrison Hurtado,,,,EQUIPOS INMEDIATOS,Diagonal 3000x2000mm,DIA,2.0,2026-06-20,,,,2026-09-02T17:11:47.732Z,558.0,Andamiaje y Alturas,,,
mtkd2d4c5hqaya,2026-08-31,5.0,5 - SALA DE EMBARQUE REMOTO NACIONAL,John Jairo Puerta Uribe,,,,ALDECCO,"Extractor de Aire 17-20""",DIA,2.0,2026-07-25,,,,2026-09-02T17:19:26.700Z,27600.0,Otros / Herramienta menor,,,
mtkdpetwelyax9,2026-08-31,6.0,5A - ALTERNATIVA EQUIPAJE LLEGANDO,John Jairo Puerta Uribe,,,,ALDECCO,Taladro Demoledor de muro 110V,DIA,1.0,2026-07-29,,,TRABAJOS EN PILOTAGE,2026-09-02T17:37:22.004Z,42550.0,Demolición y Perforación,,,
mtkdpetwelyax9,2026-08-31,6.0,5A - ALTERNATIVA EQUIPAJE LLEGANDO,John Jairo Puerta Uribe,,,,ALDECCO,Vibrador electrico Normal a 110v,DIA,3.0,2026-06-22,,,TRABAJOS EN PILOTAJE,2026-09-02T17:37:22.004Z,25900.0,Concreto y Acabados,,,
mtkdpetwelyax9,2026-08-31,6.0,5A - ALTERNATIVA EQUIPAJE LLEGANDO,John Jairo Puerta Uribe,,,,ALDECCO,Concretadora 1.5 sacos electrica 220v,DIA,1.0,2026-06-22,,,TRABAJOS EN PILOTAJE,2026-09-02T17:37:22.004Z,29350.0,Concreto y Acabados,,,
mtkdpetwelyax9,2026-08-31,6.0,5A - ALTERNATIVA EQUIPAJE LLEGANDO,John Jairo Puerta Uribe,,,,ALDECCO,Muela o cincel martillo demoledor muro,DIA,3.0,2026-06-23,,,TRABAJOS EN PILOTAJE,2026-09-02T17:37:22.004Z,4200.0,Demolición y Perforación,,,
mtkdpetwelyax9,2026-08-31,6.0,5A - ALTERNATIVA EQUIPAJE LLEGANDO,John Jairo Puerta Uribe,,,,ALDECCO,Muela o cincel martillo demoledor piso,DIA,1.0,2026-06-20,,,DEMOLICION DE PISO,2026-09-02T17:37:22.004Z,5200.0,Demolición y Perforación,,,
mtkdpetwelyax9,2026-08-31,6.0,5A - ALTERNATIVA EQUIPAJE LLEGANDO,John Jairo Puerta Uribe,,,,ALDECCO,Vibrocompactador canguro,DIA,2.0,2026-08-01,,,VARIAS ACTIVIDADES Y PILOTAJE,2026-09-02T17:37:22.004Z,43700.0,Concreto y Acabados,,,
mtkdpetwelyax9,2026-08-31,6.0,5A - ALTERNATIVA EQUIPAJE LLEGANDO,John Jairo Puerta Uribe,,,,ALDECCO,Cilindro muestra de concreto,DIA,18.0,2026-08-26,,,,2026-09-02T17:37:22.004Z,1380.0,Concreto y Acabados,,,
mtkdpetwelyax9,2026-08-31,6.0,5A - ALTERNATIVA EQUIPAJE LLEGANDO,John Jairo Puerta Uribe,,,,ALDECCO,Martillo Demoledor de Piso 110V,DIA,1.0,2026-08-24,,,,2026-09-02T17:37:22.004Z,58100.0,Demolición y Perforación,,,
